fips,state,county,brfss_id,landsqmi,areasqmi,totalpop2010,pctover62,pctmales,pctfemales,pctwhite1,pctblack1,pctindian1,pctasian1,pcthawnpi1,pctother1,avghhinc,avghhsocsec,pctpoort,pctpublictrans,pctbachelorsormore,pctbroadbandint,pctnointernet,pctnovehicles,sef_rank,ho_rank,hf_rank,pctuninsured,numofpcp,pctfluvacc,pctsomecollege,pctunemployed,lifeexpect,pctnohealthyfood,pctrural
29001," Missouri","Adair ",7,567.32,569.44,25607,16.6,48.2,51.8,91.2,3.4,0.2,2.4,0.2,0.3,55584,16874,26.4,0.1,30,83.1,16.5,7.7,68,67,23,10.6025,26,52,65.3216,3.51387,77.5315,9.10355,37.8529
29003," Missouri","Andrew ",6,432.7,436.43,17291,22.2,50.1,49.9,95.7,2,0.2,0.3,0.6,0.1,70526,18805,8.6,0,23.8,87.5,10.9,3.9,11,8,9,9.3614,2,49,63.1776,2.66391,79.6811,2.78436,61.2804
29005," Missouri","Atchison ",6,547.3,550.13,5685,29.7,49.6,50.4,97.7,0.4,0.5,0.4,0,0.3,60781,18037,10.2,0.2,22.5,88.7,11.1,5.7,3,12,10,11.998,2,45,61.5454,2.49008,78.2415,4.9145,100
29007," Missouri","Audrain ",3,692.23,696.82,25529,21.4,45.7,54.3,89.1,6.1,0.4,0.2,0.1,0.5,57969,18502,15.3,0,14.5,85.6,13.1,6.9,72,72,63,12.2977,13,30,46.0431,3.09145,75.8905,6.21122,41.1963
29009," Missouri","Barry ",4,778.25,790.97,35597,24,50.2,49.8,93.6,0.2,0.8,1.1,0,1.4,56640,18995,21,0.2,14.5,75.1,24.2,4.7,54,75,73,17.4748,23,35,47.0698,2.96947,75.9436,5.47576,73.2646
29011," Missouri","Barton ",4,591.92,596.72,12402,22.9,49.5,50.5,94.2,0.3,1.9,0,0.1,0.3,62378,16988,21.6,0.2,18.1,79.7,19,8.9,74,47,70,14.3737,4,36,52.4564,3.08821,78.6901,11.0391,63.9574
29013," Missouri","Bates ",1,836.69,851.38,17049,23.2,48.9,51.1,95.5,1.5,0.6,0.2,0,0.7,65596,19079,12.3,0.5,14.9,81.9,17,5,75,52,74,12.8179,4,30,50.1095,3.80653,76.0625,1.32024,77.2714
29015," Missouri","Benton ",4,704.06,752.55,19056,35.6,49.3,50.7,96.2,0.3,1.1,0.1,0.1,0.2,54881,20305,19.1,0.2,13.4,82.6,16.1,6.6,104,82,93,14.8794,5,37,52.1534,4.52191,75.6568,4.70773,86.5397
29017," Missouri","Bollinger ",5,617.91,621.2,12363,23.4,50,50,97.5,0.6,0.8,0.3,0,0,53616,17193,17,1,9.4,83.9,15,4.9,71,74,78,14.2403,1,39,44.3005,3.60131,75.9596,10.8626,100
29019," Missouri","Boone ",3,685.41,690.98,162642,14.5,48.6,51.4,81.1,8.8,0.3,4.5,0.1,1,73099,19566,18.3,1.1,46,88,11.6,6,9,10,5,10.0603,201,50,79.5325,2.27156,80.1816,8.40124,18.786
29021," Missouri","Buchanan ",6,408.03,414.66,89201,19,50.2,49.8,87.5,5.6,0.3,1,0.2,1.6,63587,18433,17.2,0.9,20.7,88.2,11.3,9.1,83,66,88,11.4934,57,53,57.1728,2.95939,76.3428,6.79865,13.372
29023," Missouri","Butler ",5,694.67,698.99,42794,21.7,48.7,51.3,90.7,5.7,0.5,0.6,0,0.2,53525,16443,21.8,1.1,13.8,84.8,14.9,7.8,106,106,107,12.8351,42,22,59.9901,4.5788,74.2779,7.92083,52.1825
29025," Missouri","Caldwell ",1,426.39,429.64,9424,23.8,50.7,49.3,96,0.5,0.7,0.5,0,0.3,58141,19195,14.9,0,18.3,86.8,12.4,7.1,27,42,46,12.4127,0,45,54.4703,3.13351,77.3902,8.06294,100
29027," Missouri","Callaway ",3,834.57,847.36,44332,19.8,51,49,91.8,4.3,0.5,0.9,0.5,0.3,65892,19264,11.6,0,22.2,83.7,15.6,5.2,46,23,32,10.6048,17,51,53.252,2.93072,77.8983,6.4107,62.0274
29029," Missouri","Camden ",3,655.92,708.64,44002,31.7,49.5,50.5,96.4,0.8,0.6,0.3,0,0.6,70165,21047,16,0.2,21.8,86.4,12.4,3.4,86,33,33,14.2538,35,35,50.4863,4.21466,79.3867,5.98896,74.2284
29031," Missouri","Cape Girardeau ",5,578.53,586.32,75674,19.4,48.4,51.6,87.7,7.5,0.2,1.6,0,0.3,68290,18726,17,0.5,30.5,90.6,8.7,6.3,19,44,14,10.3593,73,48,67.9106,2.75445,77.538,7.5127,30.5032
29033," Missouri","Carroll ",6,694.62,701.39,9295,25.8,49,51,95.6,2.3,0.2,0.2,0,0.2,59785,18784,15.7,0,17,81.7,16.9,9.8,40,58,39,13.2499,3,48,46.4709,3.13901,76.4922,6.13174,64.5401
29035," Missouri","Carter ",5,507.36,509.02,6265,24.1,48.6,51.4,95.2,0,1,0,0,0,55662,17714,17.2,0,16.5,78.8,20.8,9.6,107,100,106,15.9787,1,28,66.6667,5.13331,72.7726,27.6997,100
29037," Missouri","Cass ",1,696.84,702.49,99478,19.5,49.1,50.9,91.5,3.6,0.6,0.8,0,0.7,82359,20121,9.8,0.1,26.1,89.5,9.9,3.3,12,9,13,8.84015,24,47,65.9013,3.05226,78.7584,8.96164,32.4021
29039," Missouri","Cedar ",4,474.48,498.65,13982,26.6,49.9,50.1,96.5,0,0,0.3,0.2,0.2,53359,19062,18.5,0,15.3,86.2,12.4,5.9,79,64,82,14.5731,4,29,54.3276,3.44403,75.6958,6.28952,75.2968
29041," Missouri","Chariton ",7,751.18,766.76,7831,27.8,49.9,50.1,95.6,2.4,0.1,0,0,0,61690,17941,11.9,0,18.4,89.3,10.2,3.9,13,22,17,12.0214,1,32,53.8825,2.79255,79.3805,3.77753,100
29043," Missouri","Christian ",4,562.65,563.81,77422,18.5,48.6,51.4,95.4,0.8,0.6,0.6,0.1,0.5,70886,19763,10.2,0,28.2,87.5,12,2.8,5,6,7,10.0606,38,51,70.2846,2.57686,79.6697,7.10801,44.7961
29045," Missouri","Clark ",7,504.69,511.82,7139,24.6,50.7,49.3,97,0.3,0.4,0.4,0,0,64851,18299,13.3,0,13.5,85.8,12.6,8.2,45,20,59,13.7918,2,49,49.8294,3.85943,78.4696,5.35676,100
29047," Missouri","Clay ",1,397.3,408.67,221939,16.8,49,51,85.7,6,0.5,2.1,0.2,1.5,85359,20466,7.9,0.4,32.7,92.3,7.3,4.3,6,3,4,8.58386,169,53,71.1028,2.89393,79.7431,6.47734,9.81576
29049," Missouri","Clinton ",1,418.96,423.48,20743,21.3,50.1,49.9,95.2,1.9,1,0.2,0,0.5,69879,18380,10.9,0.6,19.4,88.9,10.4,3.3,20,17,19,9.19349,11,45,60.823,3.15149,76.6923,3.09322,76.2088
29051," Missouri","Cole ",3,393.75,401.92,75990,19.1,50.5,49.5,83.7,11.7,0.4,1.4,0,0.7,74151,19865,10.8,0.5,32.9,77.6,21.5,6.8,10,16,8,10.0919,54,58,66.1445,2.50072,79.1567,8.35533,29.0749
29053," Missouri","Cooper ",3,564.77,569.18,17601,21,52.3,47.7,89,6.4,0.3,0.3,0.1,0.6,60261,16961,11.9,0.2,21.4,85.2,14.1,5.5,21,28,18,10.6451,7,44,53.271,3.09806,77.3486,8.40049,53.2015
29055," Missouri","Crawford ",2,742.52,743.75,24696,22.4,49.3,50.7,96.7,0.3,0,0.1,0,0.6,51626,18138,19.5,0.4,11.2,85.2,12.9,4,92,98,99,14.8007,0,30,40.6054,3.92356,74.4857,2.90987,73.3074
29057," Missouri","Dade ",4,490.01,506.25,7883,26.8,51.2,48.8,95.3,0.3,0.9,0.1,0.1,0.5,51684,18408,22.5,0.3,13.6,84.4,14.1,4.1,42,70,41,14.8639,5,42,39.8929,2.71253,76.601,3.1953,100
29059," Missouri","Dallas ",4,540.77,542.85,16777,24.6,49.8,50.2,96.4,0,1.1,0.4,0,0.2,57995,19458,15,0.3,12.4,78.8,20.3,6.1,91,84,94,16.7349,1,25,37.8573,3.91904,75.5711,8.7828,81.9336
29061," Missouri","Daviess ",6,563.24,569.05,8433,24.7,50.4,49.6,97.2,1,0.3,0.1,0.1,0.3,62162,18646,13,0,18.1,89.3,8.1,8.2,49,5,80,16.2454,1,41,46.0244,3.01383,79.0027,9.9874,100
29063," Missouri","DeKalb ",6,421.36,425.82,12892,20.5,63.3,36.7,85.9,9.8,0.7,0.2,0.2,0.2,62170,18552,13.5,0,15.3,86.2,12.8,6.7,47,19,47,10.4876,3,43,38.6203,3.14765,77.2976,11.2481,62.403
29065," Missouri","Dent ",3,752.79,754.51,15657,24.9,49.6,50.4,95.6,0.6,0.7,0.5,0,0.3,54520,17743,21,0.3,14.6,82.1,17.3,6.9,82,83,81,16.4216,3,27,43.9312,3.30698,77.0075,8.71293,68.57
29067," Missouri","Douglas ",5,813.63,814.6,13684,28.6,50.1,49.9,98.8,0.1,0.2,0.1,0,0.7,48315,17452,21.4,0.1,10.5,78.4,18.1,3.4,90,76,95,15.2404,2,36,48.0916,4.57177,75.7784,13.8232,79.1216
29069," Missouri","Dunklin ",5,541.07,547.18,31953,21.5,48.1,51.9,84.2,9.7,0.4,0.4,0,3,48090,16026,27.1,0.3,13.1,87.8,12,9.9,113,114,114,13.1951,13,37,48.945,5.50322,72.6068,10.7863,50.4554
29071," Missouri","Franklin ",2,922.68,930.69,101492,20.6,49.9,50.1,96.1,0.7,0.2,0.5,0,0.5,72171,19706,10.8,0.2,20.1,86.3,12.7,4.8,31,48,24,10.4072,69,52,65.4393,3.06768,76.8358,3.90603,55.5985
29073," Missouri","Gasconade ",3,517.8,524.44,15222,26.4,50,50,97.3,0.4,0.3,0.4,0,0.2,65289,19289,9.8,0.1,18.9,87.3,11.1,3.9,38,41,26,11.9634,7,40,59.3322,2.90248,76.8111,0.967396,80.8698
29075," Missouri","Gentry ",6,491.42,491.72,6738,22.8,48.3,51.7,97.4,0.7,0.3,0.6,0.1,0.2,52885,17146,17.4,0.9,18,90.6,9,6,7,25,11,12.1344,2,45,60.0555,2.42746,76.533,1.18191,100
29077," Missouri","Greene ",4,675.3,677.88,275174,19.5,48.7,51.3,90.2,3.3,0.5,1.9,0.1,1,61753,18636,17.9,0.7,30.2,84.8,14.8,6.9,33,38,21,11.3101,284,52,71.0768,2.55013,77.2563,6.55877,13.9977
29079," Missouri","Grundy ",7,435.28,438.03,10261,25.6,48.9,51.1,95.8,0.5,1.3,0.4,0.2,0.3,56412,17877,16.3,1.6,18.8,88.5,10.4,8.4,57,88,50,13.6495,3,45,53.8066,3.61552,76.3417,13.0152,45.4634
29081," Missouri","Harrison ",6,722.5,726.41,8957,26.2,49.8,50.2,96.3,0.9,0.2,0.1,0,1,49067,16181,18.6,0.1,16.2,88.5,10,5.2,61,54,66,14.6595,3,37,44.7745,3.08255,77.4653,13.6778,70.3919
29083," Missouri","Henry ",4,696.95,732.33,22272,25.3,48.9,51.1,95.4,1.3,0.6,0.3,0,0.3,59053,16708,21.5,0.2,15.5,86.7,12.2,6.7,84,71,71,12.7265,15,35,52.3273,3.56304,75.9809,13.7834,49.5465
29085," Missouri","Hickory ",4,399.09,411.71,9627,39.2,48.6,51.4,96.2,0.1,1.7,0.1,0,0.4,44594,17751,17.4,0,10,84.3,13.4,4,97,108,91,16.3747,2,25,48.6878,4.12102,75.4725,6.87253,100
29087," Missouri","Holt ",6,462.69,470.35,4912,28.6,49.3,50.7,96.7,0.7,0.8,0.8,0,0,56027,17207,12.9,0.3,19.8,84.1,14.5,8.4,8,29,12,13.2438,1,42,56.0316,2.38275,79.7663,37.1497,100
29089," Missouri","Howard ",3,463.85,471.53,10144,22.3,49.9,50.1,91.7,5.3,0.5,0.2,0,0.4,63071,17498,15,0,24.4,86.7,11.5,3.4,30,68,20,12.5574,4,39,53.9836,2.83531,77.3471,6.88352,64.0576
29091," Missouri","Howell ",5,927.25,928.37,40400,22.6,49,51,96.3,0.5,0.5,0.4,0,0.1,51022,16527,22.2,0.4,16.5,81.8,16.8,7.2,80,80,86,12.9321,41,37,55.6184,3.57297,75.8391,10.5119,72.1733
29093," Missouri","Iron ",5,550.26,552.06,10630,25.4,49.2,50.8,95.7,1.2,0.7,0.2,0.1,0,49709,18342,20.9,0.1,10.9,77.9,21.2,8.3,105,103,96,12.6564,1,38,45.3843,5.38939,73.8632,11.2291,74.8542
29095," Missouri","Jackson ",1,604.46,616.25,674158,17.8,48.4,51.6,66.6,23.6,0.4,1.9,0.3,4.1,71871,18952,15.2,2.1,30.9,89.1,10.5,9,85,53,77,12.586,536,48,67.9552,3.73348,77.2648,7.26771,3.83693
29097," Missouri","Jasper ",4,638.49,641.28,117404,17.8,48.8,51.2,90.4,2,1.6,1.1,0.1,1.5,61434,18189,17.4,0.4,22.9,82.9,16.7,6.3,50,56,49,14.1502,0,49,58.58,2.74619,75.9043,10.6059,23.6917
29099," Missouri","Jefferson ",2,656.63,664.28,218733,17.9,49.7,50.3,96,0.9,0.3,0.7,0,0.2,75099,20523,10.3,0.2,20.2,90.2,9.3,3.6,18,57,30,9.98741,54,52,67.0889,3.11532,75.9147,8.35509,30.1962
29101," Missouri","Johnson ",6,829.28,833.19,52595,14.4,51.6,48.4,89.1,4.3,0.5,1.7,0.3,0.5,63172,18107,15.4,0.1,28.4,91.8,7.9,5.6,17,11,40,10.0475,23,42,71.8776,3.70549,78.4245,6.06103,50.444
29103," Missouri","Knox ",7,504.01,506.83,4131,26.3,50.3,49.7,96.5,0.5,0,0.5,0.5,0.5,53762,16563,19.2,0,15.8,77.4,21.3,5.5,63,55,57,17.4744,1,43,50.7383,2.80957,77.3644,8.6025,100
29105," Missouri","Laclede ",3,764.72,768.01,35571,20.5,49.5,50.5,95.2,0.6,0.8,0.3,0,0.3,55565,17412,15,0.1,14.7,81.5,17.1,5.7,67,89,84,13.7301,19,27,49.6777,3.69377,74.5973,9.46415,60.5128
29107," Missouri","Lafayette ",1,628.43,638.94,33381,22.5,49.4,50.6,94,1.9,0.1,0.6,0.2,0.6,69330,19363,13,0.1,20.1,84.7,14.2,6.7,26,27,28,10.3659,8,38,53.3205,3.20758,76.8127,4.81828,56.9486
29109," Missouri","Lawrence ",4,611.74,613.38,38634,21.2,49.8,50.2,95.5,0.6,0.5,0.2,0,1,57088,18212,16.9,0.1,15.3,85.1,14.1,5.7,62,81,60,13.6419,21,38,48.7749,3.04972,74.8702,4.81223,58.6866
29111," Missouri","Lewis ",7,505.04,510.8,10211,21.5,50.9,49.1,94.3,3.3,0.8,0,0.1,0,57820,16877,15.5,0.6,14,85.9,11.6,6,34,95,43,11.9016,2,31,51.0407,2.84369,74.5889,16.8947,100
29113," Missouri","Lincoln ",2,626.56,640.46,52566,16.1,49.5,50.5,94.7,1.9,0.3,0.4,0,0.8,70775,19226,12.6,0.1,15.9,87.8,11.1,3.6,44,39,75,10.4975,4,43,55.7202,3.30325,76.5574,2.51106,74.8297
29115," Missouri","Linn ",7,615.56,621.38,12761,24.9,48.1,51.9,96.7,0.6,0.2,0.3,0,0.3,57034,18695,15,0,15.4,84.6,14.7,4.6,88,94,65,12.4205,5,40,52.4864,4.69511,74.2516,10.6866,66.4525
29117," Missouri","Livingston ",7,532.33,538.57,15195,23.4,45.2,54.8,93.8,2.7,0.5,0.5,0.1,0.4,58725,18036,16.4,0.4,19.3,81.6,17.8,5.2,32,43,37,12.1884,12,48,50.1499,2.49333,78.0664,3.93085,36.6041
29119," Missouri","McDonald ",4,539.48,539.68,23083,19,51,49,87.5,2,3.1,1.4,1.8,1.6,54650,17714,19.5,0,11.8,63.9,34.3,5.6,95,92,102,20.2625,3,34,33.4111,3.03607,74.8208,3.49198,99.9913
29121," Missouri","Macon ",7,801.23,812.37,15566,27,50.4,49.6,94.5,1.9,0.6,0.5,0,0.2,51057,18178,15,0.8,15.7,81.8,16.6,6.9,36,36,25,12.0721,5,40,51.9521,2.93695,77.5746,7.42965,67.7888
29123," Missouri","Madison ",5,494.39,497.6,12226,22.7,49.6,50.4,97.1,1,0.3,0.2,0,0,53417,16343,15.6,0.1,15.1,83.4,16.2,6.7,66,96,68,12.6545,5,38,58.2166,3.55051,74.1351,6.79546,65.5079
29125," Missouri","Maries ",3,526.98,529.93,9176,24.8,50.1,49.9,98.3,0.2,0.8,0.2,0,0,57199,19042,16.2,0.2,14.1,83.3,14.6,8.6,53,60,53,15.1039,1,44,53.7037,3.30408,77.1859,2.06653,100
29127," Missouri","Marion ",7,436.92,444.3,28781,20.6,47.9,52.1,91.6,4.1,0.4,0.7,0.2,0.2,58547,17553,18.5,0.2,20.9,88.2,10.5,7,37,37,42,10.0305,26,23,60.5377,3.09343,77.076,5.35442,24.7663
29129," Missouri","Mercer ",7,453.84,455.11,3785,24.9,50.1,49.9,96.9,0.4,0,0.5,0.1,0.4,55143,18123,10.9,0.6,18,88.1,11.2,5.4,28,59,38,15.5106,1,32,52.6989,3.14136,76.3903,44.4437,100
29131," Missouri","Miller ",3,592.59,599.99,24748,22.2,49.2,50.8,96.2,0.4,0.9,0.4,0,0.6,58260,17726,17.9,0.1,16.6,79.9,19,3.9,70,51,69,13.2157,7,45,55.3277,3.65753,77.4988,2.37392,79.7802
29133," Missouri","Mississippi ",5,411.58,428.76,14358,20.2,55.1,44.9,73.2,24.2,1,0.1,0,0,49232,16648,25,0.3,12.4,87,12.7,12.8,109,113,112,13.4233,2,29,36.5369,3.82348,72.2847,0.214254,32.6995
29135," Missouri","Moniteau ",3,415.03,418.87,15607,18.9,52.7,47.3,92.6,3.8,0.6,0.2,0,1.2,64887,19447,13.2,0.3,19,77.5,20.6,6.7,22,4,36,15.4752,2,51,45.6301,2.99045,78.3492,1.53564,52.7007
29137," Missouri","Monroe ",7,647.65,670.16,8840,25.9,50.9,49.1,94.7,3.5,0.2,0.4,0.2,0,57073,18908,14.1,0,12.8,85.4,13.6,6.4,56,24,31,12.6921,3,37,47.5673,3.56061,78.6797,5.77424,100
29139," Missouri","Montgomery ",3,536.25,542.01,12236,24.9,49.9,50.1,95,1.5,0.1,0.3,0.1,1,54624,18744,17.1,0.6,13.7,81.6,17,4.1,60,77,58,12.9993,2,33,50.7924,2.88073,75.3183,3.44393,78.5142
29141," Missouri","Morgan ",3,597.63,614.02,20565,27.9,49.4,50.6,95.7,0.8,0.5,0.9,0,0.7,52625,17997,23,0.3,12.9,78.8,19.8,8.7,87,85,90,19.267,4,39,38.1939,4.26683,74.8978,1.50506,100
29143," Missouri","New Madrid ",5,674.84,696.57,18956,21.9,48,52,81.4,15.7,0.4,0,0,0.2,48920,17126,23.1,0.6,12.7,85.4,14.5,9.5,108,112,110,13.4798,1,33,47.5037,4.77256,72.512,1.71519,56.8633
29145," Missouri","Newton ",4,624.76,626.59,58114,21.4,49.8,50.2,90.8,1,2.3,1.4,1,0.4,68991,18605,13.9,0.2,19.7,82.8,16.5,4.7,51,45,54,15.8904,0,40,55.6938,3.01484,76.2433,5.3382,64.4371
29147," Missouri","Nodaway ",6,876.96,877.88,23370,17.3,49.8,50.2,93.6,2.8,0.2,1.4,0.1,0.5,58048,18299,23.3,0.1,27.8,85.7,12.4,4,14,13,27,11.1308,12,31,62.2633,2.92958,79.5789,24.156,43.4318
29149," Missouri","Oregon ",5,789.8,791.54,10881,28.1,50.2,49.8,95.5,0.1,1.5,0.4,0.3,0.4,42088,16319,23.9,0.8,12.2,67.9,30.1,4.5,100,107,101,14.6812,0,26,48.4216,3.45528,74.5422,9.92583,80.5349
29151," Missouri","Osage ",3,604.35,610.45,13878,20,52,48,97.9,0.3,0.7,0.1,0,0.4,67004,19609,7.2,0.3,18.9,77.7,21.6,4.3,4,7,1,9.87431,2,60,61.0842,2.41567,79.151,3.23261,100
29153," Missouri","Ozark ",5,744.97,755.23,9723,31.6,49.7,50.3,96.2,0,0.4,0.3,0,0.5,42496,17808,26.3,0.3,12.2,80.3,17.4,5.9,103,102,97,16.6667,2,37,54.933,5.17192,76.2657,27.7358,100
29155," Missouri","Pemiscot ",5,492.54,513.43,18296,19.2,47.1,52.9,70.1,27.2,0.1,0,0,0.6,48662,15081,27.9,0.4,12.1,87.4,12.4,14.2,114,115,115,11.7351,4,29,44.5156,5.54418,71.4746,3.74355,49.2676
29157," Missouri","Perry ",5,474.35,484.16,18971,21.7,49.4,50.6,97.3,0.3,0.4,0.7,0,0.2,61917,18623,8.2,0.2,16,91.1,8.2,4.2,15,15,29,8.56852,9,40,56.479,2.33953,78.0692,4.42195,55.6217
29159," Missouri","Pettis ",3,682.22,686.27,42201,20,49.4,50.6,91.1,3.2,0.1,0.5,0,2.1,58341,18073,17.2,0.6,18.4,86,13.1,7.9,81,50,89,14.2804,22,47,52.6708,4.1369,76.6003,6.48577,37.7787
29161," Missouri","Phelps ",3,671.78,674.32,45156,18.8,52.6,47.4,90.6,2.7,0.8,3.8,0,0.3,60887,17010,22.3,0.6,29.5,89.1,10.2,6.9,64,69,55,13.8787,43,38,66.2153,3.08209,76.0296,6.66764,46.2242
29163," Missouri","Pike ",7,670.44,684.72,18516,20.7,55.3,44.7,89.1,7.6,0.4,0.3,0.1,0.7,60968,17381,14,0.1,16.1,85.2,13.6,5.9,58,61,79,11.8711,6,31,43.358,3.60959,76.3493,9.85612,54.38
29165," Missouri","Platte ",1,420.19,426.8,89322,17.2,49.3,50.7,85.7,6.7,0.4,2.7,0.1,0.9,98826,21783,6.9,0.6,41.8,93.7,5.9,4.4,1,1,3,6.64287,82,54,80.1726,2.56348,80.2348,6.50561,15.808
29167," Missouri","Polk ",4,635.52,642.41,31137,21.8,48.9,51.1,95.5,0.9,1.1,0.5,0.1,0.1,59516,18686,14.5,0.1,20.3,88.1,10.9,5.5,73,30,61,13.496,25,27,57.9457,3.64994,76.8145,2.50715,68.8698
29169," Missouri","Pulaski ",3,547.1,551.48,52274,10.9,57.1,42.9,74.6,12.3,1,2.8,0.3,3.9,61011,16082,14.4,0.3,25.9,87.9,11.2,5.3,24,35,35,11.4217,21,20,74.828,3.5956,76.3886,13.3276,44.0314
29171," Missouri","Putnam ",7,517.32,519.61,4979,28.8,49.6,50.4,96.4,0.3,0.2,0.6,0,0,52275,17807,18.1,0,18.9,76.3,22.6,6.4,48,93,34,14.0322,3,42,55.7339,3.44262,75.4001,12.2031,100
29173," Missouri","Ralls ",7,469.78,483.83,10167,25.1,50.7,49.3,96.7,1.3,0.5,0.5,0,0.1,66133,19594,12.5,0,13.6,89.5,9.4,3.6,16,18,22,10.6478,2,34,48.7061,2.81239,80.5421,2.20472,96.105
29175," Missouri","Randolph ",7,482.68,487.83,25414,20.4,52.5,47.5,90.1,5.9,0.5,0.5,0.1,0.4,58047,18259,15.5,0.4,15.3,89.5,9.8,6.4,78,62,85,11.6185,11,41,55.7813,3.84128,75.6948,6.07214,45.1759
29177," Missouri","Ray ",1,568.81,573.94,23494,21.9,49.8,50.2,95.9,1.7,0.5,0.2,0,0.2,70010,19682,14.8,0.5,13.9,86.1,13.1,7.2,55,49,62,11.2745,8,46,49.0181,3.59341,75.4164,6.64078,75.2192
29179," Missouri","Reynolds ",5,808.48,814.41,6696,26.9,51.3,48.7,95.1,1.9,0.4,0.1,0.3,0.7,52990,16646,18.2,0.1,11.1,86.6,11,5.3,69,97,72,14.8689,3,33,44.4048,3.09312,76.5461,20.5185,100
29181," Missouri","Ripley ",5,629.54,631.64,14100,24,49.8,50.2,96.3,0.4,0.5,0.2,0.2,0.2,43514,17197,26.9,0,10.9,78.5,21,7.7,111,111,111,15.4526,6,24,44.2075,5.20569,73.0497,10.8785,100
29183," Missouri","St. Charles ",2,560.44,592.61,360485,17.7,49.1,50.9,89.9,4.4,0.2,2.5,0,0.5,98457,21573,5.6,0.2,37.8,93.4,6,2.8,2,2,2,6.18777,173,55,78.0798,2.5398,80.1815,5.4136,5.83048
29185," Missouri","St. Clair ",4,669.98,702.05,9805,32.2,49.7,50.3,95.7,0.7,0.7,0.2,0,0.1,51632,17246,17.6,0.1,13.4,83.8,15.1,5.5,98,40,98,15.9506,4,22,47.8711,4.36392,78.1616,4.58407,100
29186," Missouri","Ste. Genevieve ",5,499.15,506.77,18145,24.4,50.2,49.8,96.7,1.8,0,0.6,0,0.1,70739,18473,14.6,0,17.7,84.8,13.9,3.7,41,21,51,10.9227,6,39,63.2134,2.795,78.3807,7.44892,76.1422
29187," Missouri","St. Francois ",5,451.89,454.67,65359,19.2,54.1,45.9,92.9,4.5,0.3,0.5,0,0.3,58508,18551,16.3,0.1,14,90.8,8.6,6.5,76,78,83,11.1931,48,45,52.406,3.65605,74.8835,5.13093,39.7635
29189," Missouri","St. Louis ",2,507.8,523.02,998954,21.2,47.4,52.6,68.4,24.1,0.2,4.2,0,0.8,96848,20616,9.7,2.5,43.2,92.6,7,6.8,25,34,6,8.04668,1220,54,78.2861,3.009,78.2011,6.00016,1.13799
29195," Missouri","Saline ",7,755.5,766.92,23370,21.3,50,50,85.6,4.7,0.4,0.9,1.1,3.6,57578,17814,16.3,0.8,18,88.1,10.9,7.4,52,46,48,12.8017,13,49,52.286,3.03764,77.6318,11.5168,45.8066
29197," Missouri","Schuyler ",7,307.3,308.16,4431,22.7,49.3,50.7,97.4,0.5,0,0,0,0,51454,17637,15.6,0.2,11.6,75.5,23.4,5.1,96,26,87,15.0408,3,47,48.5654,4.1477,78.3693,37.2162,100
29199," Missouri","Scotland ",7,436.67,439.3,4843,20.5,49,51,97.4,1.6,0,0,0,0,62828,16670,15.8,0,12,86.4,13.1,5.9,35,14,64,22.7681,6,41,42.0039,2.85714,78.5676,3.81981,100
29201," Missouri","Scott ",5,419.99,425.86,39191,21.5,48.3,51.7,85.2,11.5,0.4,0.4,0,0.6,57116,17505,20.7,0.2,14.5,88.7,11.1,6.5,93,101,100,12.0136,19,41,54.1329,3.4171,75.1706,11.5817,41.5529
29203," Missouri","Shannon ",5,1003.82,1004,8441,25.6,48.7,51.3,95.5,0.1,0.5,0,0,0.3,43558,17778,28.5,0.8,15.8,78.6,19.8,3.9,112,99,108,16.3427,0,27,44.5238,4.99846,76.9955,7.44084,100
29205," Missouri","Shelby ",7,500.86,502.32,6373,24.4,50.3,49.7,96.8,1.9,0.1,0.1,0,0.2,56408,16021,15,0,17,87.1,12.3,4.6,23,86,16,13.7516,0,37,61.0478,3.04838,75.4496,19.4566,100
29207," Missouri","Stoddard ",5,823.22,829.02,29968,23.6,48.7,51.3,97.1,1.2,0,0,0,0,53425,17541,16.2,0.6,13.2,85.9,13.9,6.5,77,90,92,12.4662,11,32,54.4764,4.4385,75.5269,2.32637,69.7911
29209," Missouri","Stone ",4,464.03,510.78,32202,35.1,48.9,51.1,96.4,0.2,1,0.1,0.1,0.8,65929,20848,12.6,0,18.4,88.1,10.6,4.3,89,91,56,14.6165,11,39,54.0847,4.67921,76.3633,0.54738,88.687
29211," Missouri","Sullivan ",7,647.98,651.5,6714,23.3,48.3,51.7,91.4,2.9,0.7,0.1,0.2,3.5,54781,17648,17.6,0,12.2,84,14.1,5.2,39,63,44,15.4455,2,31,39.5119,3.13056,76.8528,11.9598,100
29213," Missouri","Taney ",4,632.44,651.64,51675,25.1,48.4,51.6,92.2,1.2,0.9,0.9,0,2.3,53162,18815,17.2,0.8,18.4,86.2,12.7,5.9,94,73,76,16.2236,43,39,59.1733,5.19979,77.1414,15.6632,43.8607
29215," Missouri","Texas ",5,1177.27,1179.22,26008,24.1,52.2,47.8,93,2.3,2.2,0.5,0,0.2,49621,18486,24.3,0.3,14.1,75.9,22.3,6.3,101,79,103,16.6928,9,33,52.2366,4.09156,76.8608,5.827,99.2118
29217," Missouri","Vernon ",4,826.4,836.83,21159,22.2,48.8,51.2,95.6,0.9,0.6,0.7,0,0.2,60319,18296,13.6,0.4,17.7,86.9,11.6,7.8,65,87,52,13.0893,8,35,52.228,3.14952,75.5303,14.621,58.2589
29219," Missouri","Warren ",2,428.6,437.77,32513,21.2,49.3,50.7,93.5,2.1,0.3,0.6,0.1,1.5,73852,20024,13.3,0,18.6,87.3,11.5,3.6,43,32,45,10.4979,6,50,53.4893,2.80752,78.0285,2.10975,63.0394
29221," Missouri","Washington ",3,759.91,762.49,25195,19.9,51.5,48.5,95.2,2,0.4,0.1,0,0,50553,17612,20.1,0.3,9.4,78.6,19.9,6,99,109,105,12.7275,8,33,46.1739,4.439,73.6336,9.14743,80.4763
29223," Missouri","Wayne ",5,759.18,774.06,13521,27.1,49.2,50.8,96.7,0.6,0.4,0.3,0,0,44448,16481,24.1,0.9,10.3,87.5,11.9,8.2,110,104,109,14.9676,4,14,47.1884,4.8478,73.9367,16.8687,100
29225," Missouri","Webster ",4,592.56,593.76,36202,18.4,51,49,95.7,1.1,0.5,0.4,0.2,0.5,59684,18106,16.8,0.4,16.9,81.2,17.6,7,59,31,67,14.7516,10,44,55.6885,3.10357,77.4722,3.72143,73.9296
29227," Missouri","Worth ",6,266.61,266.82,2171,29.4,48.1,51.9,97.1,0.3,0,0.2,0,0,56750,18462,15.2,0.4,17.5,89.6,10.1,2.9,29,65,15,12.2988,1,31,53.317,2.84996,72.5308,3.95829,100
29229," Missouri","Wright ",5,681.77,683.14,18815,24,49.4,50.6,96.4,0.6,0.4,0.5,0,1,48630,16815,24.9,0,11.4,82.1,16.7,9.2,102,105,104,16.5008,3,30,37.0748,4.13468,73.2124,6.05968,76.625
29510," Missouri","St. Louis city ",2,61.91,66.03,319294,16.1,48.4,51.6,46.2,46.9,0.2,3.2,0.1,1,60564,15466,24.2,9.3,35,84.6,15.1,20.3,115,110,113,12.5356,272,41,72.8527,3.82488,73.8719,3.32894,0.000313191
